,artist,title
0,Queen,Bohemian Rhapsody
1,Danny Vera,Roller Coaster
2,Eagles,Hotel California
3,Billy Joel,Piano Man
4,Coldplay,Fix You
5,Led Zeppelin,Stairway To Heaven
6,Pearl Jam,Black
7,Boudewijn de Groot,Avond
8,Metallica,Nothing Else Matters (Albumversie)
9,Queen,Love Of My Life
10,Pink Floyd,Wish You Were Here
11,Dire Straits,Brothers In Arms (Albumversie)
12,Golden Earring,Radar Love (Albumversie)
13,Pink Floyd,Comfortably Numb (Albumversie)
14,Guns N' Roses,November Rain
15,Disturbed,The Sound Of Silence
16,Deep Purple,Child In Time (Albumversie)
17,DI-RECT,Soldier On
18,Prince & The Revolution,Purple Rain (Albumversie)
19,Dire Straits,Sultans Of Swing
20,Toto,Africa (Albumversie)
21,Coldplay,Viva La Vida
22,Bruce Springsteen,The River
23,David Bowie,Heroes (Albumversie)
24,Pink Floyd,Shine On You Crazy Diamond (Pts. 1-5)
25,Metallica,One (Albumversie)
26,Dire Straits,Telegraph Road (Albumversie)
27,AC/DC,Thunderstruck
28,Meat Loaf,Paradise By The Dashboard Light (Albumversie)
29,The Cure,A Forest
30,Racoon,Oceaan
31,Metallica,Master Of Puppets
32,John Lennon,Imagine
33,Rage Against The Machine,Killing In The Name
34,Nirvana,Smells Like Teen Spirit
35,Pearl Jam,Just Breathe
36,Simon & Garfunkel,The Sound Of Silence
37,ABBA,Dancing Queen
38,Fleetwood Mac,Go Your Own Way
39,Guns N' Roses,Sweet Child O' Mine (Albumversie)
40,Klein Orkest,Over De Muur
41,Procol Harum,A Whiter Shade Of Pale
42,Lady Gaga & Bradley Cooper,Shallow
43,Linkin Park,In The End
44,Fleetwood Mac,The Chain
45,Michael Kiwanuka,Cold Little Heart (Albumversie)
46,George Michael & Queen,Somebody To Love (Live)
47,Queen,Innuendo
48,Metallica,Enter Sandman
49,Radiohead,Creep
50,Miss Montreal,Door De Wind
51,Phil Collins,In The Air Tonight (Albumversie)
52,Eminem,Lose Yourself
53,Johnny Cash,Hurt
54,Wim Sonneveld,Het Dorp
55,Coldplay,Yellow
56,Supertramp,School
57,Nothing But Thieves,Impossible (Orchestral Version Live at Abbey Road)
58,Robbie Williams,Angels
59,The Beach Boys,God Only Knows
60,Coldplay,The Scientist (Albumversie)
61,Queen & David Bowie,Under Pressure
62,U2,With Or Without You
63,Paolo Nutini,Iron Sky (Albumversie)
64,The Rolling Stones,Paint It Black
65,Stef Bos,Papa
66,Tom Odell,Another Love
67,Coldplay & Avicii,A Sky Full Of Stars
68,U2,Sunday Bloody Sunday
69,Supertramp,Fool's Overture
70,Neil Diamond,Sweet Caroline
71,Volbeat,Lola Montez
72,Muse,Uprising
73,Pearl Jam,Alive
74,Amy Winehouse,Back To Black
75,Guus Meeuwis,Brabant
76,Acda & De Munnik,Het Regent Zonnestralen
77,Simon & Garfunkel,Bridge Over Troubled Water
78,The Rolling Stones,Sympathy For The Devil
79,Cranberries,Zombie
80,Electric Light Orchestra,Mr. Blue Sky
81,Son Mieux,Multicolor
82,Coldplay,Clocks (Albumversie)
83,AC/DC,Highway To Hell
84,The Alan Parsons Project,Old And Wise
85,The Beatles,Let It Be
86,Queen,Somebody To Love
87,Queen,Don't Stop Me Now
88,Pink Floyd,Another Brick In The Wall
89,Kensington,Sorry
90,The Beatles,Here Comes The Sun
91,Elvis Presley,Suspicious Minds
92,Dolly Parton,Jolene
93,Goldband,Noodgeval
94,Queen,Who Wants To Live Forever
95,Liesbeth List & Ramses Shaffy,Pastorale
96,Dire Straits,Private Investigations (Albumversie)
97,Sinéad O'Connor,Nothing Compares 2 U
98,Floor Jansen & Henk Poort,Phantom Of The Opera
99,U2,One
100,Red Hot Chili Peppers,Under The Bridge
101,Sinéad O'Connor,Troy
102,The Doors,Riders On The Storm (Albumversie)
103,Depeche Mode,Enjoy The Silence
104,Journey,Don't Stop Believin'
105,The Rolling Stones,Gimme Shelter
106,Snow Patrol,Chasing Cars
107,Simple Minds,Belfast Child
108,Rammstein,Deutschland
109,Kate Bush,Wuthering Heights
110,Fleetwood Mac,Dreams
111,AC/DC,Whole Lotta Rosie
112,Kate Bush,Running Up That Hill (Albumversie)
113,Rammstein,Du Hast
114,Harry Styles,Sign Of The Times
115,The Killers,Mr. Brightside
116,George Michael,Careless Whisper
117,Creedence Clearwater Revival,Have You Ever Seen The Rain
118,The Rolling Stones,Angie
119,The Verve,Bitter Sweet Symphony (Albumversie)
120,Sting,Fields Of Gold
121,Golden Earring,When The Lady Smiles (Albumversie)
122,Muse,Knights Of Cydonia (Albumversie)
123,R.E.M.,Losing My Religion
124,Rammstein,Sonne
125,The Beatles,Blackbird
126,Black Sabbath,Paranoid
127,U2,Where The Streets Have No Name
128,Foo Fighters,The Pretender
129,ABBA,The Winner Takes It All
130,Claudia de Breij,Mag Ik Dan Bij Jou
131,BLØF ft. Geike,Zoutelande
132,Queen,The Show Must Go On
133,David Bowie,Space Oddity (Albumversie)
134,Eric Clapton,Tears In Heaven
135,The Beatles,Hey Jude
136,Dire Straits,Money For Nothing (Albumversie)
137,Van Dik Hout,Stil In Mij
138,Oasis,Don't Look Back In Anger
139,Sting,Fragile
140,Anouk,Nobody's Wife
141,Ike & Tina Turner,Proud Mary
142,Otis Redding,(Sittin' On) The Dock Of The Bay
143,U2,I Still Haven't Found What I'm Looking For
144,Bankzitters,Je Blik Richting Mij
145,Keane,Somewhere Only We Know
146,Bankzitters,Stapelgek
147,Michael Jackson,Billie Jean
148,De Jeugd Van Tegenwoordig,Sterrenstof
149,Elton John,Your Song
150,Jason Paige,Gotta Catch 'Em All (Pokemon Theme Song)
151,Animals,House Of The Rising Sun
152,André Hazes,Kleine Jongen
153,Red Hot Chili Peppers,Californication
154,The Moody Blues,Nights In White Satin
155,Barbara Pravi,Voilà
156,Billy Joel,Goodnight Saigon
157,The Beatles,Yesterday
158,Aerosmith,Dream On
159,Falco,Jeanny
160,Iron Maiden,Fear Of The Dark (Live)
161,Goo Goo Dolls,Iris
162,Foo Fighters,Everlong
163,Nirvana,Come As You Are
164,Within Temptation,Ice Queen (Albumversie)
165,Oasis,Wonderwall
166,Ramses Shaffy,Laat Me
167,Bruce Springsteen,Streets Of Philadelphia
168,Kensington,Uncharted
169,System Of A Down,Chop Suey!
170,Bryan Adams,Summer Of '69
171,Chris Stapleton,Tennessee Whiskey
172,ABBA,Gimme Gimme Gimme
173,Leonard Cohen,Hallelujah
174,Elvis Presley,In The Ghetto
175,Nick Cave & The Bad Seeds,Into My Arms
176,Taylor Swift,All Too Well (10 Minute Version)
178,De Dijk,Niemand In De Stad
179,Maan x Goldband,Stiekem
180,Eagles,The Last Resort (Albumversie)
181,Bon Jovi,Bed Of Roses (Albumversie)
182,Michael Jackson,Earth Song
183,Simple Minds,Don't You (Forget About Me)
184,Adele,Someone Like You
185,Dire Straits,Walk Of Life
186,Creedence Clearwater Revival,Fortunate Son
187,Bob Marley & The Wailers,Three Little Birds
188,Faithless,Insomnia (Albumversie)
189,Queen,Killer Queen
190,John Miles,Music
191,Guns N' Roses,Paradise City (Albumversie)
192,"Earth, Wind & Fire",September
193,George Michael & Elton John,Don't Let The Sun Go Down On Me
194,The Weeknd,Blinding Lights
195,Harry Styles,As It Was
196,Bruce Springsteen,Dancing In The Dark
197,Marillion,Kayleigh
198,ABBA,Lay All Your Love On Me
199,De Dijk,Dansen Op De Vulkaan
200,Herman Brood & His Wild Romance,Saturday Night
201,Ramses Shaffy,"Zing, Vecht, Huil, Bid, Lach, Werk En Bewonder"
202,Adele,Rolling In The Deep
203,Mary J. Blige & U2,One
204,Bankzitters,Is Dat Nou Echt?
205,Deep Purple,Smoke On The Water (Albumversie)
206,Linkin Park,Numb
207,Sting,Englishman In New York
208,Radiohead,Street Spirit (Fade Out)
209,The Cult,She Sells Sanctuary
210,Kenny Rogers & Dolly Parton,Islands In The Stream
211,Helene Fischer,Atemlos Durch Die Nacht
212,Son Mieux,Tonight
213,André Hazes,"Bloed, Zweet En Tranen"
214,Taylor Swift,Anti-Hero
215,Fleetwood Mac,Songbird
216,U2,The Unforgettable Fire
217,Metallica,The Unforgiven (Albumversie)
218,Queens Of The Stone Age,No One Knows
219,The Beatles,While My Guitar Gently Weeps
220,Queen,I Want To Break Free
221,Michael Jackson,Thriller (Albumversie)
222,Ed Sheeran,Perfect
223,Lou Reed,Perfect Day
224,Simon & Garfunkel,The Boxer
225,Eminem & Dido,Stan (Albumversie)
226,Pink Floyd,Echoes
227,Golden Earring,Twilight Zone (Albumversie)
228,Lady Gaga,Always Remember Us This Way
229,Pearl Jam,Jeremy
230,Fleetwood Mac,Landslide
231,Eagles,Desperado
232,Kyteman,Sorry
233,Rammstein,Engel
234,Tears For Fears,Everybody Wants To Rule The World
235,Nothing But Thieves,Amsterdam
236,Lynyrd Skynyrd,Free Bird (Albumversie)
237,Metallica,Fade To Black
238,Frank Boeijen Groep,Kronenburg Park
239,R.E.M.,Everybody Hurts
240,Scorpions,Wind Of Change
241,Fleetwood Mac,Everywhere
242,Marco Schuitmaker,Engelbewaarder
243,The Amazing Stroopwafels,Oude Maasweg
244,Jefferson Airplane,White Rabbit
245,Golden Earring,Another 45 Miles (Naked)
246,Slayer,Angel Of Death
247,Editors,Papillon
248,Stromae,L'enfer
249,ABBA,Chiquitita
250,Racoon,Love You More
251,The Pogues & Kirsty MacColl,Fairytale Of New York
252,Arctic Monkeys,Do I Wanna Know?
253,U2,Bad
254,Stromae,Formidable
255,Elton John,Rocket Man
257,Evanescence,My Immortal
258,Led Zeppelin,Whole Lotta Love (Albumversie)
259,De Dijk,Als Ze Er Niet Is
260,The Scene,Iedereen Is Van De Wereld
261,Kate Bush,The Man With The Child In His Eyes
262,Lana Del Rey,Video Games
263,Fleetwood Mac,Sara (Albumversie)
264,Elton John,I'm Still Standing
265,Metallica,Whiskey In The Jar
266,Green Day,Boulevard Of Broken Dreams
267,Rowwen Hèze,November
268,Radiohead,Karma Police
269,Danny Vera & Krezip,Make It A Memory
270,Krezip,I Would Stay
271,Bruce Springsteen,Born To Run
272,Proclaimers,I'm Gonna Be (500 Miles)
273,Alphaville,Forever Young
274,Normaal,Deurdonderen (Live)
275,Freddie Mercury & Montserrat Caballé,Barcelona
276,Eddie Vedder,Society
277,Motörhead,Ace Of Spades
278,Bruce Springsteen,I'm On Fire
279,Jaap Reesema,Grijs
280,The Mamas & The Papas,California Dreamin'
281,Live,Lightning Crashes
282,Beth Hart,Leave The Light On
283,David Bowie,Starman
284,DI-RECT,Through The Looking Glass
285,Volbeat,Sad Man's Tongue
286,Iron Maiden,Run To The Hills
287,Bette Midler,The Rose
288,Nightwish,Ghost Love Score (Live@Wacken 2013)
289,Kansas,Dust In The Wind
290,Gary Moore,Still Got The Blues (Albumversie)
291,Adele,Set Fire To The Rain
292,Frans Halsema,Voor Haar
293,Adele,Skyfall
294,Faithless,God Is A DJ
295,Peter Gabriel & Kate Bush,Don't Give Up
296,U2,Beautiful Day
297,U2,Pride (In The Name Of Love)
298,Led Zeppelin,Kashmir
299,Frank Boeijen Groep,Zeg Me Dat Het Niet Zo Is
300,Guns N' Roses,Knockin' On Heaven's Door
301,Muse,Psycho
302,Bon Jovi,Livin' On A Prayer
303,Queensrÿche,Silent Lucidity
304,Creedence Clearwater Revival,Bad Moon Rising
305,Meat Loaf,Bat Out Of Hell (Albumversie)
306,KISS,I Was Made For Lovin' You
307,Don McLean,Vincent
308,Kayak,Ruthless Queen
309,ABBA,The Day Before You Came
310,Skik,Op Fietse
311,Queen,Radio Ga Ga
312,Meau,Dat Heb Jij Gedaan
313,ABBA,Mamma Mia
314,Elvis Presley,Can't Help Falling In Love
315,The Police,Every Breath You Take
316,Hozier,Take Me To Church
317,Peter Fox,Haus Am See
318,Creedence Clearwater Revival,I Put A Spell On You
319,BLØF,Harder Dan Ik Hebben Kan
320,Nena,99 Luftballons
321,Elbow,One Day Like This
322,Boudewijn de Groot,Testament
323,Nirvana,Lithium
324,Underworld,Born Slippy
325,Tina Turner & David Bowie,Tonight (Live)
326,Jeff Buckley,Hallelujah (Albumversie)
327,Doe Maar,Sinds 1 Dag Of 2 (32 Jaar)
328,Toto,Hold The Line
329,Pink Floyd,Time
330,A-Ha,Take On Me
331,Elvis Presley,My Boy
332,The Police,Roxanne
333,Billy Joel,She's Always A Woman
334,Elvis Presley,Always On My Mind
335,Johnny Cash,Ring Of Fire
336,Peter Maffay,Du
337,ABBA,Eagle (Albumversie)
338,The Scene,Blauw
339,Phil Collins,Against All Odds (Take A Look At Me Now)
340,Cuby & the Blizzards,Window Of My Eyes
341,Neil Young,Heart Of Gold
342,Frank Sinatra,My Way
343,George Michael,Jesus To A Child
344,Nothing But Thieves,Sorry
345,Avicii ft. Aloe Blacc,Wake Me Up
346,Jacques Brel,Ne Me Quitte Pas
347,Michael Jackson,Man In The Mirror
348,Guns N' Roses,Welcome To The Jungle
349,The Rolling Stones,You Can't Always Get What You Want (Albumversie)
350,Dire Straits,Romeo And Juliet (Albumversie)
351,Rowwen Hèze,De Peel In Brand
352,Abel,Onderweg
353,Supertramp,The Logical Song
354,Queen,We Will Rock You
355,Nirvana,The Man Who Sold The World (unplugged)
356,Phil Collins,Another Day In Paradise
357,Jimi Hendrix,All Along The Watchtower
358,ABBA,Thank You For The Music
359,Charles Aznavour,She
360,Rammstein,Zeit
361,John Denver,"Take Me Home, Country Roads"
362,Michel Fugain,Une Belle Histoire
363,Charles Aznavour,La Bohème
364,Peter Gabriel,Solsbury Hill
365,Within Temptation,Mother Earth
366,Coldplay,Paradise (Albumversie)
367,Bruce Springsteen,Tougher Than The Rest
368,DJ Paul Elstak,Rainbow In The Sky
369,BLØF & Counting Crows,Holiday In Spain
370,Normaal,Oerend Hard
371,Soundgarden,Black Hole Sun
372,Diggy Dex ft. JW Roy,Treur Niet (Ode Aan Het Leven)
373,Chris Isaak,Wicked Game (Albumversie)
374,Paul Simon,Graceland (Albumversie)
375,Boston,More Than A Feeling (Albumversie)
376,Genesis,Mama (Albumversie)
377,André Hazes,Zij Gelooft In Mij (2004)
378,ABBA,Waterloo
379,André Hazes,De Vlieger
380,Arctic Monkeys,505
381,Michael Jackson,Beat It
382,Jackson Browne,The Load Out/Stay (Albumversie)
383,Ede Staal,Het Het Nog Nooit Zo Donker West
384,Mark & Clark Band,Worn Down Piano
385,Jay-Z & Alicia Keys,Empire State Of Mind
386,Adele,Make You Feel My Love
387,Cranberries,Linger
388,Acda & De Munnik,Lopen Tot De Zon Komt
389,Fleetwood Mac,Little Lies
390,Janis Joplin,Me And Bobby McGee
391,Tina Turner,The Best
392,Alice Cooper,Poison
393,Bob Dylan,Hurricane (Albumversie)
394,AC/DC,Back In Black
395,Green Day,Basket Case
396,Marco Borsato,Dochters
397,Metallica,Sad But True
398,ABBA,Does Your Mother Know?
399,3 Doors Down,Kryptonite
400,Coolio,Gangsta's Paradise
401,The Beatles,A Day In The Life
402,Bruce Springsteen,My Hometown
403,The Who,Baba O'Riley
404,BLØF,Zo Stil
405,Stef Bos,Is Dit Nu Later
406,Ike & Tina Turner,River Deep Mountain High
407,Toto,Stop Loving You
408,De Dijk,Mag Het Licht Uit
409,Queen,These Are The Days Of Our Lives
410,The Alan Parsons Project,Eye In The Sky (Albumversie)
411,Racoon,Het Is Al Laat Toch
412,Mumford & Sons,Little Lion Man
413,Elvis Presley,If I Can Dream
414,Taylor Swift,Cardigan
415,Guns N' Roses,Estranged
416,André Hazes,Zeg Maar Niets Meer
417,Boudewijn de Groot,Verdronken Vlinder
418,Snow Patrol,Run
419,Duncan Laurence,Arcade
420,Andrea Bocelli & Giorgia,Vivo Per Lei
421,Lewis Capaldi,Someone You Loved
422,Pearl Jam,Even Flow
423,The Rolling Stones,(I Can't Get No) Satisfaction
424,Alderliefste & Ramses Shaffy,Laat Me/Vivre
425,Pink Floyd,The Great Gig In The Sky
426,Waterboys,The Whole Of The Moon (Albumversie)
427,Tina Turner,Private Dancer
428,Suzan & Freek,Als Het Avond Is
429,André Hazes,Geef Mij Je Angst
430,Adele,Hello
431,Måneskin,The Loneliest
432,Pink Floyd,Money (Albumversie)
433,Foreigner,I Want To Know What Love Is
434,Rob de Nijs,Foto Van Vroeger
435,Eagles,One Of These Nights
436,ZZ Top,La Grange
437,White Stripes,Seven Nation Army
438,Suzan & Freek,Goud
439,BLØF,Omarm
440,The Beatles,Eleanor Rigby
441,Bill Withers,Ain't No Sunshine
442,John Denver,Annie's Song
443,Bruce Springsteen,Born In The U.S.A.
444,Eurythmics,Sweet Dreams (Are Made Of This)
445,Ultravox,Vienna
446,Rob de Nijs,Het Werd Zomer
447,Eagles,Take It Easy
448,Mark Ronson ft. Amy Winehouse,Valerie
449,Taylor Swift,Love Story (Taylors Version)
450,Suzan & Freek & Snelle,De Overkant
451,Bonnie Tyler,Total Eclipse Of The Heart
452,Radiohead,Paranoid Android
453,BLØF,Aan De Kust (Live)
454,De Dijk,Groot Hart
455,Doe Maar,Belle Hélène
456,Meat Loaf,I'd Do Anything For Love (But I Won't Do That)
457,BLØF,Liefs Uit Londen
458,Prince & The Revolution,When Doves Cry
459,Evanescence,Bring Me To Life
460,Froukje,Ik Wil Dansen
461,Jim Croce,Time In A Bottle
462,New Order,Blue Monday (Albumversie)
463,Simple Minds,Alive And Kicking
464,ABBA,Voulez-Vous
465,Doe Maar,Smoorverliefd
466,Novastar,Wrong
467,White Lies,Time To Give
468,Tame Impala,Let It Happen (Albumversie)
469,Acda & De Munnik,Ren Lenny Ren
470,Queen,We Are The Champions
471,Bob Marley & The Wailers,No Woman No Cry (Live)
472,Bob Marley & The Wailers,Redemption Song
473,Kate Bush,Cloudbusting
474,The Doors,The End
475,Neil Diamond,I Am... I Said
476,Doe Maar,De Bom
477,BLØF,Dansen Aan Zee
478,Joe Cocker,With A Little Help From My Friends
479,The Beatles,Penny Lane
480,Anita Meyer,Why Tell Me Why
481,The Police,Message In A Bottle
482,Imagine Dragons,Radioactive
483,The Boxer Rebellion,Diamonds
484,Queen,Another One Bites The Dust
485,Anouk,Lost
486,George Michael,A Different Corner
487,Donna Summer,I Feel Love
488,The Smiths,There Is a Light That Never Goes Out
489,Adele,When We Were Young
490,Het Goede Doel,Alles Geprobeerd (Albumversie)
491,"Earth, Wind & Fire",Fantasy
492,Eminem,Without Me
493,Chef'Special,In Your Arms
494,Bee Gees,Stayin' Alive
495,Muse,Supermassive Black Hole
496,Kings Of Leon,Sex On Fire
497,Don McLean,American Pie (Albumversie)
498,Lex Uiting,Nao 't Zuuje
499,Stromae,Papaoutai
500,Van Morrison,Brown Eyed Girl
501,Muse,Plug In Baby
502,Scorpions,Still Loving You
503,Billie Eilish,Bad Guy
504,Stranglers,Golden Brown
505,Spinvis,Kom Terug
506,Iron Maiden,The Trooper
507,Foo Fighters,Learn To Fly
508,Bruce Springsteen,Badlands
509,Golden Earring,Going To The Run
510,Imagine Dragons,Demons
511,Acda & De Munnik,Niet Of Nooit Geweest
512,The War On Drugs,Under The Pressure (Albumversie)
513,Orchestral Manoeuvres In The Dark,Joan Of Arc (Maid Of Orleans)
514,Racoon,De Echte Vent
515,Eminem,The Real Slim Shady
516,Kane,Rain Down On Me
517,Golden Earring,Long Blond Animal
518,Michael Jackson,Smooth Criminal
519,De Dijk,Ik Kan Het Niet Alleen
520,Eric Clapton,Layla (Unplugged)
521,George Michael,Cowboys And Angels (Albumversie)
522,Bee Gees,How Deep Is Your Love
523,Queen,Crazy Little Thing Called Love
524,Muse,Starlight
525,Boudewijn de Groot,De Vondeling Van Ameland
526,Fleetwood Mac,Don't Stop
527,Iron Maiden,Wasted Years
528,Liquido,Narcotic
529,Editors,Smokers Outside The Hospital Doors
530,Frankie Goes To Hollywood,The Power Of Love
531,Neet Oét Lottum,Hald Mich 's Vas
532,Linkin Park,Breaking The Habit
533,Hero,Toen Ik Je Zag
534,America,A Horse With No Name
535,De Staat,Witch Doctor
536,David Bowie,Let's Dance
537,Pink Floyd,High Hopes
538,Neil Young,Old Man
539,Phil Collins,You'll Be In My Heart
540,Marvin Gaye,What's Going On
541,ABBA,Happy New Year
542,Johnny Cash,I Walk The Line
543,Nightwish,Élan (Albumversie)
544,Seal,Kiss From A Rose
545,Joy Division,Love Will Tear Us Apart
546,Creedence Clearwater Revival,Who'll Stop The Rain?
547,Robbie Williams,Feel (Albumversie)
548,Boudewijn de Groot,Welterusten Mijnheer De President
549,P!nk,What About Us
550,Rowwen Hèze,Limburg (Live)
551,Johnny Cash,Folsom Prison Blues (Live)
552,Fleetwood Mac,Tusk
553,Talking Heads,Psycho Killer
554,Bruce Springsteen,Glory Days
555,Gorillaz,Feel Good Inc.
556,AC/DC,You Shook Me All Night Long
557,Eva Cassidy,Fields Of Gold
558,The Doors,L.A. Woman
559,Édith Piaf,"Non, Je Ne Regrette Rien"
560,Het Goede Doel,België
561,John Legend,All Of Me
562,Elton John,Goodbye Yellow Brick Road
563,Imagine Dragons,Believer
564,Radiohead,Exit Music (For A Film)
565,Europe,The Final Countdown
566,Oasis,Champagne Supernova (Albumversie)
567,Avicii,Levels
568,Fleetwood Mac,Rhiannon (Will You Ever Win)
569,Green Day,Wake Me Up When September Ends
570,Massive Attack,Unfinished Sympathy
571,Herbert Grönemeyer,Halt Mich
572,London Grammar,Strong
573,Aretha Franklin,Respect
574,Talking Heads,Slippery People (Live)
575,Chef'Special,Amigo
576,Red Hot Chili Peppers,Snow (Hey Oh)
577,Vangelis,Conquest Of Paradise
578,Nirvana,Where Did You Sleep Last Night (unplugged)
579,David Bowie,Life On Mars
580,The Cure,Lullaby
581,John Denver,Leaving On A Jet Plane
582,2Pac,Changes
583,Amy MacDonald,This Is The Life
584,Mumford & Sons,The Cave
585,Kensington,Streets
586,U2,New Year's Day
587,Buena Vista Social Club,Chan Chan
588,Tenacious D,Tribute
589,The War On Drugs,Thinking Of A Place (Albumversie)
590,Passenger,Let Her Go
591,Taylor Swift,Willow
592,Guus Meeuwis,Geef Mij Je Angst
593,Andrea Bocelli & Sarah Brightman,Time To Say Goodbye
594,The Cats,Lea
595,Red Hot Chili Peppers,Scar Tissue
596,Iron Maiden,Can I Play With Madness
597,Heart,Alone
598,Golden Earrings,Just A Little Bit Of Peace In My Heart
599,Nothing But Thieves,Overcome
600,ABBA,Take A Chance On Me
601,Adele,Easy On Me
602,INXS,Never Tear Us Apart
603,Elvis Costello,She
604,Avicii,Hey Brother
605,Sting,Shape Of My Heart
606,Alanis Morissette,Ironic
607,Bruce Springsteen,Thunder Road
608,Paul de Leeuw,'k Heb Je Lief
609,Sting,Russians
610,Linkin Park & Jay-Z,Numb/Encore
611,The Beatles,Strawberry Fields Forever
612,Santana,Samba Pa Ti
613,The Rolling Stones,Wild Horses
614,Elton John,Circle Of Life
615,Billy Joel,Vienna
616,Whitney Houston,I Will Always Love You
617,Toto,Rosanna (Albumversie)
618,Rammstein,Mutter
619,Van Halen,Jump
620,Fleetwood Mac,Albatross
621,Maroon 5,Memories
622,Neil Young,Rockin' In The Free World
623,Guns N' Roses,Patience
624,Leonard Cohen,Suzanne
625,Chris Rea,Driving Home For Christmas
626,Bruce Springsteen,Trapped (Live)
627,Simple Minds,Waterfront
628,Maan,Ze Huilt Maar Ze Lacht
629,Van Halen,Runnin' With The Devil
630,Krezip,Sweet Goodbyes
631,The Black Keys,Little Black Submarines
632,Rob de Nijs,Banger Hart
633,Supertramp,Dreamer
634,Bon Jovi,Always (Albumversie)
635,Tame Impala,The Less I Know The Better
636,Eric Clapton,Wonderful Tonight
637,Taylor Swift,Shake It Off
638,10cc,I'm Not In Love (Albumversie)
639,Billy Joel,Leningrad
640,Rag'n'Bone Man,Human
641,Pink Floyd,Hey You
642,Arctic Monkeys,I Bet You Look Good On The Dancefloor
643,Alice In Chains,Would
644,Radiohead,No Surprises
645,Claude,Ladada (Mon Dernier Mot)
646,ABBA,I Have A Dream
647,The Kinks,Lola (Live)
648,"Thomas Acda, Paul de Munnik, Maan & Typhoon",Als Ik Je Weer Zie
649,The Cats,One Way Wind
650,R.E.M.,Nightswimming
651,George Michael,Freedom! '90
652,Anouk,Birds
653,Alice Cooper,Halo Of Flies
654,Led Zeppelin,Immigrant Song
655,UB40,Red Red Wine
656,Robbie Williams,Let Me Entertain You
657,U2,I Will Follow (Live)
658,Pink Floyd,Us And Them (Albumversie)
659,Gotye ft. Kimbra,Somebody That I Used To Know
660,Bronski Beat,Smalltown Boy
661,Melissa Etheridge,Like The Way I Do
662,Billie Eilish,Happier Than Ever
663,Gerry & The Pacemakers,You'll Never Walk Alone
664,George Michael,Faith
665,Louis Armstrong,What A Wonderful World
666,The Beatles,Now And Then
667,Frank Boeijen Groep,De Verzoening
668,Daniël Lohues,Hier Kom Ik Weg
669,George Michael,Father Figure
670,Men At Work,Down Under
671,Massive Attack,Teardrop
672,Elton John,Nikita
673,Simon & Garfunkel,Mrs. Robinson
674,Prince & The Revolution,Sometimes It Snows In April
675,Dorus,Twee Motten
676,Queen,Hammer To Fall (Albumversie)
677,Simply Red,Holding Back The Years
678,Ennio Morricone,Once Upon A Time In The West
679,Aretha Franklin,I Say A Little Prayer
680,Muse,Bliss
681,Lynyrd Skynyrd,Sweet Home Alabama
682,Ed Sheeran,I See Fire
683,Linkin Park,One More Light
684,Michael Jackson,Dirty Diana
685,Don Henley,The Boys Of Summer
686,Status Quo,Roll Over Lay Down (Live)
687,De Poema's,Zij Maakt Het Verschil
688,Al Stewart,Year Of The Cat (Albumversie)
689,Eddie Vedder,Guaranteed
690,Status Quo,Whatever You Want
691,Spandau Ballet,Through The Barricades
692,Gerry Rafferty,Baker Street (Albumversie)
693,Metallica,The Unforgiven II (Albumversie)
694,The Beatles,Something
695,Ozzy Osbourne,No More Tears
696,Aerosmith,I Don't Want To Miss A Thing (Albumversie)
697,Tears For Fears & Oleta Adams,Woman In Chains (Albumversie)
698,Blue Öyster Cult,Don't Fear The Reaper
699,Foo Fighters,My Hero (Live)
700,Silk Sonic (Bruno Mars & Anderson .Paak),Leave The Door Open
701,ABBA,Knowing Me Knowing You
702,Stromae,Alors On Danse
703,Guus Meeuwis,Dat Komt Door Jou
704,Peter Schilling,Major Tom (Völlig Losgelöst)
705,10cc,Dreadlock Holiday
706,Acda & De Munnik,De Kapitein Deel II
707,Temptations,Papa Was A Rolling Stone (Albumversie)
708,AC/DC,Let There Be Rock
709,Elton John,Tiny Dancer
710,Bastille,Pompeii
711,John Mayer,Slow Dancing In A Burning Room
712,Ed Sheeran,Thinking Out Loud
713,Red Hot Chili Peppers,Otherside
714,The Beatles,Come Together
715,Paul de Leeuw & Simone Kleinsma,Zonder Jou
716,The Beatles,The Long And Winding Road
717,Acda & De Munnik,Als Het Vuur Gedoofd Is
718,Jimi Hendrix,Hey Joe
719,Talk Talk,Such A Shame
720,Joe Jackson,Is She Really Going Out With Him? (Live)
721,Harry Styles,Golden
722,Beyoncé,Halo
723,The Cure,Friday I'm In Love
724,Davina Michelle,Duurt Te Lang
725,Crowded House,Don't Dream It's Over
726,The Band,The Weight
727,"Crosby, Stills, Nash & Young",Our House
728,Bon Jovi,It's My Life
729,Herbert Grönemeyer,Der Weg
730,ABBA,Fernando
731,Amy Winehouse,Rehab
732,ABBA,Super Trouper
733,Elton John,Candle In The Wind 1997
734,Van Morrison,Have I Told You Lately
735,The Doors,Light My Fire (Albumversie)
736,Anouk,Michel
737,One Direction,Story Of My Life
738,Madness,One Step Beyond
739,Genesis,Firth Of Fifth
740,Korn,Freak On A Leash
741,De Dijk,Onderuit
742,P!nk ft. Nate Ruess,Just Give Me A Reason
743,Coldplay,Everglow (Albumversie)
744,Boudewijn de Groot,Jimmy
745,The Prodigy,Smack My Bitch Up
746,The Beach Boys,Good Vibrations
747,P!nk,Try
748,Rowwen Hèze,Auto Vliegtuug
749,Guus Meeuwis & Vagant,Het Is Een Nacht... (Levensecht)
750,De Dijk,Bloedend Hart
751,Frank Boeijen Groep,Zwart Wit
752,The Cure,Boys Don't Cry
753,Rolling Stones ft. Lady Gaga & Stevie Wonder,Sweet Sounds Of Heaven (Albumversie)
754,Florence + The Machine,Dog Days Are Over
755,Ed Sheeran,Shape Of You
756,Taylor Swift,Blank Space
758,Elvis Presley,Jailhouse Rock
759,Johnny Cash,A Boy Named Sue (Live)
760,Dolly Parton,9 To 5
761,Skunk Anansie,Weak
762,Sia,Chandelier
763,Duran Duran,Ordinary World
764,Neil Young,Like A Hurricane (Albumversie)
765,Green Day,Good Riddance (Time Of Your Life)
766,Sam Fender,Seventeen Going Under
767,Ed Sheeran,Castle On The Hill
768,Fish,A Gentleman's Excuse Me
769,De Dijk,Binnen Zonder Kloppen
770,Dean Lewis,How Do I Say Goodbye
771,Maaike Ouboter,Dat Ik Je Mis
772,Queen,I Want It All
773,Elvis Presley,Burning Love
774,Valensia,Gaia
775,Sade,Smooth Operator
776,Harry Styles,Watermelon Sugar
777,Blur,Song 2
778,Måneskin,Zitti E Buoni
779,Beastie Boys,Sabotage
780,Dire Straits,Tunnel Of Love (Albumversie)
781,Keane,Sovereign Light Cafe
782,Bruce Springsteen,Jungleland
783,Mumford & Sons,I Will Wait
784,Marillion,Lavender
785,Green Day,American Idiot
786,David Guetta & Sia,Titanium
787,Prince,1999
788,Armin van Buuren ft. Trevor Guthrie,This Is What It Feels Like
789,The Weeknd,Save Your Tears
790,Henk Westbroek,Zelfs Je Naam Is Mooi
791,Eagles,New Kid In Town
792,Supertramp,Take The Long Way Home
793,Simple Minds,New Gold Dream (81-82-83-84)
794,Dusty Springfield,Son Of A Preacher Man
795,Focus,Hocus Pocus
796,Michael Jackson,They Don't Care About Us
797,ABBA,One Of Us
798,Dire Straits,On Every Street
799,Mike Oldfield,Tubular Bells (Part 1 Albumversie)
800,The Rolling Stones,She's A Rainbow
801,Neil Diamond,Beautiful Noise
802,Bryan Adams,(Everything I Do) I Do It For You (Albumversie)
803,K's Choice,Not An Addict
804,Oôs Joôs,Bloemkôle
805,Lewis Capaldi,Before You Go
806,Genesis,Follow You Follow Me
807,Righteous Brothers,Unchained Melody
808,Live,Overcome
809,Moby,Porcelain
810,Billie Eilish,Everything I Wanted
811,Art Garfunkel,Bright Eyes
812,Bankzitters,Cupido
813,Red Hot Chili Peppers,Can't Stop
814,Spandau Ballet,Gold
815,Pixies,Where Is My Mind
816,Cat Stevens,Morning Has Broken
817,Suzan & Freek,Blauwe Dag
818,Guns N' Roses,Don't Cry
819,Nits,In The Dutch Mountains
820,Herman van Veen,Liefde Van Later
821,De Poema's,Mijn Houten Hart
822,Nickelback,How You Remind Me
823,Coldplay,Christmas Lights
824,Offspring,Self Esteem
825,Uriah Heep,Easy Livin'
826,Guns N' Roses,Civil War
827,Herman Brood & His Wild Romance,Never Be Clever
828,My Chemical Romance,Welcome To The Black Parade
829,David Bowie,China Girl
830,Harry Styles,Kiwi
831,Queen,A Kind Of Magic
832,Prince,Sign 'O' The Times (Albumversie)
833,Stevie Wonder,Superstition
834,Foo Fighters,Walk
835,Rowwen Hèze,De Neus Umhoeg
836,Bruce Springsteen,Jersey Girl (Live)
837,Genesis,Land Of Confusion
838,Gorillaz,Clint Eastwood
839,The Chainsmokers & Coldplay,Something Just Like This
840,Cat Stevens,Father And Son
841,Madonna,Like A Prayer
842,Derek & The Dominos,Layla (Albumversie)
843,Armin van Buuren ft. Kensington,Heading Up High
844,Mark Knopfler,What It Is
845,Typhoon,Zandloper
846,The Rolling Stones,Start Me Up
847,Nick Cave & Kylie Minogue,Where The Wild Roses Grow
848,Kensington,War
849,Rick Astley,Never Gonna Give You Up
850,Rod Stewart,Sailing
851,Elton John & Dua Lipa,Cold Heart (Pnau Remix)
852,Eagles,Lyin' Eyes
853,Santana,She's Not There (Albumversie)
854,John Mayer,Gravity
855,The Prodigy,Firestarter
856,Rob de Nijs,Malle Babbe
857,Arctic Monkeys,When The Sun Goes Down
858,Adele,Million Years Ago
859,Joe Cocker,You Are So Beautiful
860,Michael Jackson,Heal The World (Albumversie)
861,Mark Ronson ft. Bruno Mars,Uptown Funk
862,Franz Ferdinand,Take Me Out
863,4 Non Blondes,What's Up
864,Cream,White Room (Albumversie)
865,The Black Eyed Peas,I Gotta Feeling
866,The Beatles,Norwegian Wood
867,Paolo Nutini,Through The Echoes
868,Gilbert O'Sullivan,Nothing Rhymed
869,Tori Amos,Winter
870,Mike Oldfield & Maggie Reilly,Moonlight Shadow
871,Killing Joke,Love Like Blood
872,Depeche Mode,Personal Jesus
873,The Script,The Man Who Can't Be Moved
874,The Teskey Brothers,Pain And Misery
875,Andrea Bocelli,Con Te Partiro
876,Fools Garden,Lemon Tree
877,The War On Drugs,Red Eyes
878,Eros Ramazzotti,Musica È (Albumversie)
879,Taylor Swift,You Need To Calm Down
880,Ten Sharp,You
881,Nirvana,Heart-Shaped Box
882,Charly Lownoise & Mental Theo,Wonderfull Days
883,Imagine Dragons,Thunder
884,Doe Maar,Is Dit Alles
885,Niall Horan,This Town
886,Dire Straits,Your Latest Trick
887,The Blue Nile,Tinseltown In The Rain
888,Joni Mitchell,Both Sides Now
889,Queens Of The Stone Age,Go With The Flow
890,Fleetwood Mac,Need Your Love So Bad
891,Talking Heads,Once In A Lifetime
892,Aretha Franklin,(You Make Me Feel Like A) Natural Woman
893,Chef'Special,Afraid Of The Dark
894,Yes,Owner Of A Lonely Heart
895,De Kast,In Nije Dei
896,Ram Jam,Black Betty (Albumversie)
897,Bryan Adams,Heaven
898,The Pogues,Dirty Old Town
899,Within Temptation,Stand My Ground
900,Venice,The Family Tree
901,Phil Collins & Philip Bailey,Easy Lover
902,The Opposites,Slapeloze Nachten
903,David Bowie,Wild Is The Wind
904,Dr. Dre ft. Snoop Dogg,The Next Episode
905,Whitney Houston,I Wanna Dance With Somebody (Who Loves Me)
906,Aretha Franklin,Think (Blues Brothers Version)
907,The Killers,Human
908,Whitesnake,Here I Go Again
909,André Hazes Jr.,Leef
910,Muse,Unintended
911,Smashing Pumpkins,Disarm
912,Donna Summer,State Of Independence
913,Harry Styles,Late Night Talking
914,The Gathering,Strange Machines (Albumversie)
915,Normaal,De Boer Dat Is De Keerl
916,Racoon,Tijd Verliezen
917,Nena & Kim Wilde,"Anyplace, Anywhere, Anytime"
918,Within Temptation,Faster
919,Survivor,Eye Of The Tiger
920,Post Malone,Circles
921,Iggy Pop,The Passenger
922,Daniël Lohues,Prachtig Mooie Dag
923,Bruce Springsteen,The Rising
924,Soft Cell,Tainted Love
925,De Jeugd Van Tegenwoordig,Watskeburt?!
926,Michael Jackson,Ben
927,John Mayer,Daughters
928,Chi Coltrane,Go Like Elijah
929,Shocking Blue,Venus
930,Gloria Gaynor,I Will Survive
931,Tavares,Heaven Must Be Missing An Angel
932,Pharrell Williams,Happy
933,Eminem & Rihanna,Love The Way You Lie
934,Cockney Rebel,Sebastian (Albumversie)
935,Lisa Lois,Hallelujah
936,Depeche Mode,Just Can't Get Enough (Live)
937,BLØF,Blauwe Ruis
938,Blondie,Denis
939,Enya,Only Time
940,Red Hot Chili Peppers,Dark Necessities
941,Herman Brood,My Way
942,Live,I Alone
943,Supertramp,Give A Little Bit
944,John Mayer,In The Blood
945,Simon & Garfunkel,El Condor Pasa (If I Could)
946,Racoon,Don't Give Up The Fight
947,Fischer-Z,So Long
948,Moby,Why Does My Heart Feel So Bad
949,Eros Ramazzotti & Tina Turner,Cose Della Vita
950,The Police,Every Little Thing She Does Is Magic
951,Miley Cyrus,Flowers
952,Santana,Black Magic Woman
953,Supertramp,Breakfast In America
954,Bon Jovi,You Give Love A Bad Name
955,Leonard Cohen,You Want It Darker
956,De Dijk,Als Het Golft
957,Nazareth,Love Hurts
958,Froukje,Niets Tussen
959,Harry Styles,Treat People With Kindness
960,Bob Dylan,Blowin' In The Wind
961,"Crosby, Stills, Nash & Young",Teach Your Children
962,Leonard Cohen,Dance Me To The End Of Love
963,Bökkers,Iederene Hef Een Reden
964,Barry White,"You're The First, The Last, My Everything"
965,Meat Loaf,You Took The Words Right Out Of My Mouth (Hot Summer Night) (Albumversie)
966,Eddie Vedder,Hard Sun
967,Paul Simon,You Can Call Me Al
968,Bob Marley & The Wailers,Could You Be Loved
969,Joe Jackson,Be My Number Two
970,John Denver & Placido Domingo,Perhaps Love
971,"Crosby, Stills, Nash & Young",Almost Cut My Hair
972,The Alan Parsons Project,The Turn Of A Friendly Card
973,Mark Knopfler & James Taylor,Sailing To Philadelphia (Albumversie)
974,ABBA,S.O.S.
975,Elvis Presley,I Just Can't Help Believin'
976,Carly Simon,You're So Vain
977,The Black Keys,Lonely Boy
978,Ed Sheeran,The A Team
979,David Bowie,Sound And Vision
980,David Bowie & Mick Jagger,Dancing In The Street
981,The Beatles,Get Back
982,Racoon,Geef Je Hart Niet Zomaar Weg
983,DI-RECT,Times Are Changing
984,Tears For Fears,Shout
985,Damien Rice,9 Crimes
986,Frank Sinatra,That's Life
987,Stone Temple Pilots,Plush
988,Joe Jackson,Real Men
989,Leonard Cohen,So Long Marianne
990,Simple Minds,Someone Somewhere In Summertime
991,Red Hot Chili Peppers,Road Trippin'
992,Marco Borsato,Margherita
993,Wham!,Wake Me Up Before You Go-Go
994,Genesis,Jesus He Knows Me
995,Michel Sardou,Les Lacs Du Connemara
996,Toontje Lager,Stiekem Gedanst
997,David Bowie,Rebel Rebel
998,Crowded House,Four Seasons In One Day
999,Bee Gees,More Than A Woman
1000,Chris de Burgh,The Lady In Red
1001,Paul Simon,Diamonds On The Soles Of Her Shoes (albumversie)
1002,Coldplay,Adventure Of A Lifetime
1003,André Hazes & Paul de Leeuw,Droomland
1004,Black Pumas,Colors
1005,De Dijk,Kan Ik Iets Voor Je Doen?
1006,UB40,Kingston Town
1007,Céline Dion,It's All Coming Back To Me
1008,"Earth, Wind & Fire & The Emotions",Boogie Wonderland
1009,Kensington,Riddles
1010,Rowwen Hèze,Vlinder
1011,Supertramp,Crime Of The Century
1012,Queen,Breakthru
1013,Spice Girls,Wannabe
1014,Donna Summer,MacArthur Park
1015,Rammstein,Radio
1016,George Michael,Praying For Time
1017,Coldplay,Magic
1018,Dexy's Midnight Runners,Come On Eileen (Albumversie)
1019,The Rolling Stones,Miss You (Albumversie)
1020,Golden Earring,She Flies On Strange Wings (Albumversie)
1021,Talk Talk,It's My Life
1022,The Cats,Marian
1023,Tina Turner,What's Love Got To Do With It
1024,Ike & Tina Turner,Nutbush City Limits
1025,Doe Maar,Nederwiet (Albumversie)
1026,Elvis Costello,I Want You
1027,The Beatles,The Fool On The Hill
1028,Queen,You're My Best Friend
1029,Twenty One Pilots,Stressed Out
1030,Train,Drops Of Jupiter (Tell Me)
1031,Limp Bizkit,Behind Blue Eyes
1032,George Michael,Killer/Papa Was A Rollin' Stone
1033,Beth Hart & Joe Bonamassa,I'll Take Care Of You (Albumversie)
1034,Enya,Orinoco Flow (Sail Away)
1035,Adele,Hometown Glory (Albumversie)
1036,Taylor Swift,Cowboy Like Me
1037,Robbie Williams,Mr. Bojangles
1038,U2,All I Want Is You (Albumversie)
1039,Etta James,At Last
1040,Status Quo,Down Down
1041,BLØF,Hou Vol Hou Vast
1042,Madness,Our House
1043,Jimi Hendrix,Voodoo Child (Slight Return)
1044,Ed Sheeran,Photograph
1045,Barbra Streisand,Woman In Love
1046,Roxette,Listen To Your Heart (Albumversie)
1047,2Pac ft. Dr. Dre,California Love
1048,John Farnham,You're The Voice
1049,Arctic Monkeys,Fluorescent Adolescent
1050,Paul McCartney & Wings,Band On The Run
1051,Racoon,No Mercy
1052,Snelle & Maan,Blijven Slapen
1053,Coldplay,Hymn For The Weekend
1054,The Rolling Stones,Brown Sugar
1055,Harry Styles,Adore You
1056,Backstreet Boys,I Want It That Way
1057,Barbra Streisand & Barry Gibb,Guilty
1058,The Cure,Close To Me
1059,Guus Meeuwis,Tranen Gelachen
1060,Smashing Pumpkins,1979
1061,Editors,Munich
1062,Lou Reed,Walk On The Wild Side
1063,Iggy Pop,Lust For Life
1064,S10,De Diepte
1065,Gigi D'Agostino,L'Amour Toujours
1066,Linkin Park,What I've Done
1067,Bee Gees,Tragedy
1068,Queen,Fat Bottomed Girls (Albumversie)
1069,Muse,Time Is Running Out
1070,Ilse DeLange,I Still Cry
1071,David Bowie,Absolute Beginners
1072,Kensington,Do I Ever
1073,Zucchero,Il Volo
1074,The Doors,People Are Strange
1075,Frank Sinatra,Fly Me To The Moon
1076,Marco Borsato,Rood
1077,Christina Aguilera,Hurt
1078,BLØF,Mooie Dag
1079,R.E.M.,Man On The Moon
1080,Paul Weller,You Do Something To Me
1081,Bruce Springsteen,Waiting On A Sunny Day
1082,Anouk,Girl
1083,BAP,Kristallnach
1084,Portishead,Glory Box
1085,Neil Young,Harvest Moon
1086,First Aid Kit,My Silver Lining
1087,Kaleo,Way Down We Go
1088,Earth & Fire,Storm And Thunder
1089,David Bowie,Ashes To Ashes
1090,Michael Jackson,Black Or White
1091,Adele,Chasing Pavements
1092,The Police,So Lonely
1093,Bob Dylan,Like A Rolling Stone
1094,Heart,Barracuda
1095,Dolly Parton,I Will Always Love You
1096,Red Hot Chili Peppers,Give It Away
1097,Alanis Morissette,You Oughta Know
1098,De Dijk,Nergens Goed Voor
1099,Meat Loaf,Two Out Of Three Ain't Bad (Albumversie)
1100,No Doubt,Don't Speak
1101,Pearl Jam,Better Man
1102,Jimi Hendrix,Little Wing
1103,André Hazes,'n Beetje Verliefd
1104,Red Hot Chili Peppers,Dani California
1105,Robert Miles,Children
1106,The Rolling Stones,Waiting On A Friend
1107,Marianne Rosenberg,Ich Bin Wie Du
1108,Macklemore & Ryan Lewis ft. Ray Dalton,Can't Hold Us
1109,Kanye West & Chris Martin,Homecoming
1110,Prince & The Revolution,Raspberry Beret
1111,Carole King,You've Got A Friend
1112,Cranberries,Ode To My Family
1113,The Smiths,Bigmouth Strikes Again
1114,ZZ Top,Gimme All Your Lovin'
1115,Bee Gees,Words
1116,Nina Simone,"Ain't Got No, I Got Life (Original)"
1117,Radiohead,Fake Plastic Trees
1118,The Beatles,Sgt. Pepper's Lonely Hearts Club Band
1119,Creedence Clearwater Revival,I Heard It Through The Grapevine
1120,Rush,Spirit Of Radio (Albumversie)
1121,Loreen,Euphoria
1122,Olivia Rodrigo,Drivers License
1123,Xavier Rudd,Follow The Sun
1124,The Black Eyed Peas,Where Is The Love
1125,Elbow,Lippy Kids
1126,Queen,It's A Beautiful Day
1127,Wham!,Club Tropicana
1128,Cyndi Lauper,True Colors
1129,Tracy Chapman,Baby Can I Hold You
1130,Eminem,Sing For The Moment
1131,Ben E. King,Stand By Me
1132,Gladys Knight & The Pips,Midnight Train To Georgia
1133,Triggerfinger,I Follow Rivers
1134,Arctic Monkeys,Why'd You Only Call Me When You're High?
1135,Flemming,Automatisch
1136,Racoon,Liverpool Rain
1137,Pink Floyd,One Of These Days
1138,Lee Towers,You'll Never Walk Alone
1139,Little River Band,It's A Long Way There (Albumversie)
1140,Supertramp,Goodbye Stranger (Albumversie)
1141,Coldplay,Trouble
1142,Chicago,If You Leave Me Now
1143,Coldplay,Higher Power
1144,Keane,Bedshaped
1145,Elton John & Kiki Dee,Don't Go Breaking My Heart
1146,Froukje,Een Teken
1147,ABBA,Angel Eyes
1148,Doe Maar,Pa
1149,Imagine Dragons,Natural
1150,One Direction,Best Song Ever
1151,DJ Paul Elstak,Luv U More
1152,Snowy White,Bird Of Paradise
1153,Manic Street Preachers,If You Tolerate This Your Children Will Be Next
1154,Herman van Veen,Suzanne
1155,Diggy Dex,De Zon Op
1156,Keane,Everybody's Changing
1157,George Michael & Aretha Franklin,I Knew You Were Waiting (For Me)
1158,Kanye West & Jay-Z,..In Paris
1159,Dire Straits,Why Worry (Albumversie)
1160,Racoon,Hee Joh Jip
1161,ZZ Top,Sharp Dressed Man
1162,Creedence Clearwater Revival,Suzie Q (Part 1)
1163,Clannad & Bono,In A Lifetime
1164,Robert Long,Flink Zijn
1165,Neil Diamond,September Morn
1166,Michael Kiwanuka,Love And Hate (Albumversie)
1167,John Hiatt,Have A Little Faith In Me
1168,Lucifer,House For Sale
1169,Alice Cooper,How You Gonna See Me Now
1170,Imagine Dragons,Whatever It Takes
1171,Nick & Simon,Pak Maar Mijn Hand
1172,Charles Aznavour,Yesterday When I Was Young
1173,Les Poppys,Non Non Rien n'a Changé
1174,Queen,'39
1175,Tiësto,Traffic
1176,ABBA,Money Money Money
1177,Scorpions,Send Me An Angel
1178,Rufus Wainwright,Going To A Town
1179,"Marco Borsato, Armin van Buuren, Davina Michelle",Hoe Het Danst
1180,Eagles,Tequila Sunrise
1181,Kansas,Carry On Wayward Son (Albumversie)
1182,Clouseau,Daar Gaat Ze
1183,Harry Styles,Music For A Sushi Restaurant
1184,Coldplay x BTS,My Universe
1185,Roxy Music,Avalon
1186,Creedence Clearwater Revival,Proud Mary
1187,Midnight Oil,Beds Are Burning
1188,Taylor Swift,I Knew You Were Trouble
1189,Rammstein,Amerika
1190,The Moody Blues,Question
1191,REO Speedwagon,Keep On Loving You
1192,Alanis Morissette,Uninvited
1193,The Clash,London Calling
1194,Prince & The Revolution,I Would Die 4 U
1195,The Bangles,Eternal Flame
1196,Amy Winehouse,Tears Dry On Their Own
1197,Simon & Garfunkel,Homeward Bound
1198,Madonna,Frozen
1199,Simon & Garfunkel,Scarborough Fair
1200,Boudewijn de Groot,Het Land Van Maas En Waal
1201,Veldhuis & Kemper,Ik Wou Dat Ik Jou Was
1202,Lady Gaga,Born This Way
1203,Carpenters,Top Of The World
1204,Talk Talk,Life's What You Make It
1205,The Beatles,Help!
1206,U2,Running To Stand Still
1207,Bee Gees,Massachusetts
1208,Skunk Anansie,Hedonism
1209,Madness,Night Boat To Cairo
1210,The Rolling Stones,Fool To Cry
1211,Herman van Veen,Hilversum 3
1212,The Common Linnets,Calm After The Storm
1213,Khruangbin & Leon Bridges,Texas Sun
1214,Ed Sheeran,Bad Habits
1215,Toto,Mushanga
1216,Yann Tiersen,"Comptine D'un Autre Éte, L'apres Midi (Amelie)"
1217,Nirvana,About A Girl (Unplugged)
1218,Madness,Baggy Trousers
1219,Gé Reinders,Blaosmuziek
1220,R.E.M.,Find The River
1221,Ilse DeLange,Miracle
1222,Iron Butterfly,In-A-Gadda-Da-Vida (Albumversie)
1223,The Rembrandts,I'll Be There For You
1224,The War On Drugs,Pain
1225,Foo Fighters,Times Like These
1226,Split Enz,Message To My Girl
1227,Ludovico Einaudi,Una Mattina
1228,The Who,Pinball Wizard
1229,Rowwen Hèze,Bestel Mar
1230,Creedence Clearwater Revival,Long As I Can See The Light
1231,Green Day,21 Guns
1232,Anouk,One Word
1233,Danny Vera,Pressure Makes Diamonds (2020)
1234,Talking Heads,Road To Nowhere
1235,Muse,Undisclosed Desires
1236,Air,All I Need
1237,Manic Street Preachers,Motorcycle Emptiness
1238,Paul Kalkbrenner,Sky And Sand
1239,Toto,Pamela (Albumversie)
1240,The Teskey Brothers,Hold Me
1241,The Cats,Scarlet Ribbons
1242,Temple Of The Dog,Hunger Strike
1243,Nina Simone,Feeling Good
1244,Blues Brothers,Everybody Needs Somebody To Love
1245,Phil Collins,Can't Stop Loving You
1246,George Michael & Mary J. Blige,As
1247,Pink Floyd,Breathe (In The Air)
1248,Pat Benatar,Love Is A Battlefield
1249,Matthias Reim,Verdammt Ich Lieb' Dich
1250,Iggy Pop & Kate Pierson,Candy
1251,Kim Wilde,Cambodia
1252,Tina Turner,We Don't Need Another Hero
1253,Fleetwood Mac,Oh Well (Albumversie)
1254,Rob de Nijs,Alles Wat Ademt
1255,Lana Del Rey,Doin' Time
1256,Golden Earring,Back Home
1257,John Mayer,Free Fallin' (Live)
1258,Bryan Adams,Run To You
1259,Doobie Brothers,Listen To The Music
1260,BLØF,Wat Zou Je Doen?
1261,Daft Punk ft. Pharrell Williams,Get Lucky
1262,Bruno Mars,When I Was Your Man
1263,Curtis Mayfield,Move On Up
1264,John Denver,Calypso
1265,Duran Duran,The Reflex
1266,The Beatles,Michelle
1267,U2 & BB King,When Love Comes To Town
1268,Jethro Tull,Locomotive Breath
1269,Bee Gees,Night Fever
1270,Lenny Kravitz,Let Love Rule
1271,Lady Gaga,Bad Romance
1272,Roxette,It Must Have Been Love
1273,The Beatles,In My Life
1274,Jimi Hendrix,The Wind Cries Mary
1275,Arcade Fire,Everything Now
1276,Manu Chao,Me Gustas Tu
1277,Amy Winehouse,You Know I'm No Good
1278,Metallica,The Unforgiven III
1279,Paul Simon,50 Ways To Leave Your Lover
1280,Green Day,Holiday
1281,Bon Jovi,Wanted (Dead Or Alive)
1282,Stromae,Tous Les Mêmes
1283,Muse,Madness
1284,Kenny Rogers,The Gambler
1285,Taylor Swift,We Are Never Ever Getting Back Together
1286,John Mayer,Last Train Home
1287,Placebo,Pure Morning
1288,Claw Boys Claw,Rosie
1289,Danny Vera,Hold On To Let Go
1290,P!nk,Raise Your Glass
1291,Trammps,Disco Inferno
1292,Krezip,Lost Without You
1293,Steppenwolf,Born To Be Wild
1294,Counting Crows,Mr. Jones
1295,Cuby & the Blizzards,Somebody Will Know Someday
1296,Adele,Turning Tables
1297,The Killers,Somebody Told Me
1298,Sniff 'n The Tears,Driver's Seat
1299,David Bowie,Lazarus
1300,Adele,All I Ask
1301,Ed Sheeran,Supermarket Flowers
1302,Prince,Let's Go Crazy
1303,Led Zeppelin,Since I've Been Loving You
1304,Elvis Presley,Love Me Tender
1305,Marco Borsato,Afscheid Nemen Bestaat Niet
1306,Foo Fighters,Best Of You
1307,Bill Withers,Lovely Day
1308,Flemming,Amsterdam
1309,White Lies,Farewell To The Fairground
1310,The Rolling Stones,Honky Tonk Women
1311,Heart,Crazy On You
1312,George Baker Selection,Little Green Bag
1313,Eminem,Like Toy Soldiers
1314,Jeff Wayne & Justin Hayward,The Eve Of The War (Albumversie)
1315,Chuck Berry,Johnny B. Goode
1316,Muse,Resistance (Albumversie)
1317,Justin Timberlake,Can't Stop The Feeling!
1318,The Doors,Roadhouse Blues
1319,Blink-182,All The Small Things
1320,2Pac,Dear Mama
1321,Brian May,Too Much Love Will Kill You
1322,Suzan & Freek,Kwijt
1323,Lynyrd Skynyrd,Simple Man
1324,The Rolling Stones,Jumpin' Jack Flash
1325,Tom Petty,Free Fallin'
1326,Mr. Mister,Broken Wings
1327,Phil Collins,I Wish It Would Rain Down
1328,Beth Hart,L.A. Song (Albumversie)
1329,Dire Straits,So Far Away (Albumversie)
1330,David Bowie,Golden Years
1331,Kodaline,All I Want
1332,Billy Joel,Scenes From An Italian Restaurant
1333,Status Quo,Rockin' All Over The World
1334,Barbra Streisand,Memory
1335,Nena,Nur Geträumt
1336,Queen,Bicycle Race
1337,Level 42,Lessons In Love
1338,Bush,Glycerine
1339,The Rolling Stones,Ruby Tuesday
1340,Queens Of The Stone Age,Make It Wit Chu
1341,Dire Straits,Lady Writer
1342,Elvis Presley,(You're) The Devil In Disguise
1343,Kings Of Leon,Use Somebody
1344,The Beatles,All You Need Is Love
1345,"Emerson, Lake & Palmer",Peter Gunn Theme
1346,Duran Duran,Save A Prayer
1347,Snow Patrol,Just Say Yes
1348,Normaal,Ik Bun Moar Een Eenvoudige Boerenlul
1349,The Script ft. Will.I.Am,Hall Of Fame
1350,Marco Borsato,De Bestemming
1351,BLØF,Alles Is Liefde
1352,Madonna,Live To Tell
1353,Joe Cocker,Unchain My Heart
1354,Faithless,We Come 1
1355,Lauren Daigle,You Say
1356,Thin Lizzy,Whisky In The Jar
1357,Melanie,Beautiful People
1358,David Bowie,Changes
1359,Janis Joplin,Cry Baby
1360,Dave Brubeck Quartet,Take Five
1361,Kate Bush,Babooshka
1362,Billie Eilish,When The Party's Over
1363,Natasha Bedingfield,Unwritten
1364,Alannah Myles,Black Velvet (Albumversie)
1365,Herman van Veen,Anne
1366,Guus Meeuwis,De Weg
1367,Queen,Thank God It's Christmas
1368,The Weeknd ft. Daft Punk,Starboy
1369,Cock Robin,The Promise You Made
1370,Pearl Jam,Daughter
1371,Pommelien Thijs & Jaap Reesema,Nu Wij Niet Meer Praten
1372,Phil Collins,You Can't Hurry Love
1373,Nirvana,In Bloom
1374,Peter Gabriel,Sledgehammer
1375,Tom Waits,Tom Traubert's Blues (Waltzing Mathilda)
1376,P!nk ft. Willow Sage Heart,Cover Me In Sunshine
1377,Daft Punk,One More Time
1378,The War On Drugs,I Don't Live Here Anymore
1379,Prince & The Revolution,Kiss
1380,Darude,Sandstorm
1381,Bob Dylan,The Times They Are A-Changin'
1382,David Bowie & Pat Metheny Group,This Is Not America
1383,Communards & Sarah Jane Morris,Don't Leave Me This Way
1384,Band Aid,Do They Know It's Christmas
1385,The Dubliners,The Wild Rover (Live)
1386,Rondé,Hard To Say Goodbye
1387,Lionel Richie,Hello
1388,Fleetwood Mac,Seven Wonders
1389,Spinvis,Bagagedrager
1390,Clannad,Theme From 'Harry's Game'
1391,The Human League,Don't You Want Me
1392,Alice Cooper,School's Out
1393,Laura Pausini,La Solitudine
1394,Queen,Good Old-Fashioned Lover Boy
1395,Eminem,My Name Is
1396,Leonard Cohen,Take This Waltz
1397,R.E.M.,Drive
1398,Marc Cohn,Walking In Memphis
1399,Anouk,For Bitter Or Worse
1400,Simply Red,If You Don't Know Me By Now
1401,Eminem,Cleanin' Out My Closet
1402,Queen,Tie Your Mother Down
1403,Céline Dion,My Heart Will Go On
1404,Rob de Nijs,Niet Voor Het Laatst
1405,Marco Borsato,De Waarheid
1406,Billy Joel,We Didn't Start The Fire
1407,Ed Sheeran,Shivers
1408,Lady Gaga,Poker Face
1409,Pet Shop Boys,It's A Sin
1410,Meat Loaf,Heaven Can Wait
1411,Het Goede Doel,Vriendschap
1412,The Script,If You Could See Me Now
1413,Keane,Bend And Break
1414,The Beatles,Lucy In The Sky With Diamonds
1415,Faith No More,Epic
1416,Roberta Flack,The First Time Ever I Saw Your Face
1417,Queen,Friends Will Be Friends
1418,Patrick Bruel,Casser La Voix (Live)
1419,Coldplay,Speed Of Sound
1420,Mecano,Hijo De La Luna
1421,Live,The Dolphin's Cry
1422,Peter Gabriel,Biko
1423,Cuby & the Blizzards,Appleknockers Flophouse
1424,Fugees,Killing Me Softly
1425,Kendrick Lamar,King Kunta
1426,Suzan & Freek,Dromen In Kleur
1427,André Hazes,Ik Leef Mijn Eigen Leven
1428,Drs. P,Dodenrit
1429,The Police,Walking On The Moon
1430,Joe Cocker,N'Oubliez Jamais
1431,Swedish House Mafia ft. The Weeknd,Moth To A Flame
1432,Tears For Fears,Sowing The Seeds Of Love
1433,Johnny Cash,San Quentin (Live)
1434,David Bowie,The Man Who Sold The World
1435,Michael Kiwanuka,Home Again
1436,Michael Jackson,The Way You Make Me Feel
1437,Coldplay,Talk
1438,Golden Earring,I Can't Sleep Without You (Naked)
1439,Hans de Booij,Annabel
1440,Normaal,Alie
1441,Etta James,I'd Rather Go Blind
1442,Janis Ian,At Seventeen
1443,Ralph McTell,Streets Of London
1444,Paul McCartney & Wings,Mull Of Kintyre
1445,Elvis Presley,An American Trilogy
1446,U2,Ordinary Love
1447,Fleetwood Mac,You Make Lovin' Fun
1448,The Smiths,How Soon Is Now?
1449,Metallica,Memory Remains
1450,Eminem & Rihanna,The Monster
1451,Kane,Damn Those Eyes
1452,Queen,Spread Your Wings
1453,Olivia Rodrigo,Good 4 U
1454,ABBA,The Name Of The Game (Albumversie)
1455,Bruce Springsteen,No Surrender
1456,Thin Lizzy,The Boys Are Back In Town
1457,Bruno Mars,Locked Out Of Heaven
1458,Coldplay,Every Teardrop Is A Waterfall
1459,Kraftwerk,Autobahn
1460,Tracy Chapman,Talkin' Bout A Revolution
1461,3 Doors Down,Here Without You
1462,Alphaville,Big In Japan
1463,Sam Cooke,A Change Is Gonna Come
1464,Anouk,R U Kiddin' Me
1465,Stevie Wonder,Isn't She Lovely
1466,Bee Gees,Nights On Broadway
1467,Seal,Crazy
1468,Fleetwood Mac,Big Love
1469,BLØF,Zaterdag
1470,André Hazes,Het Laatste Rondje
1471,The Prodigy,Breathe
1472,Mike & The Mechanics,The Living Years
1473,Whitney Houston,I Have Nothing
1474,Crowded House,Weather With You
1475,Robert Plant,Big Log
1476,Marco Borsato,Ik Leef Niet Meer Voor Jou
1477,Porcupine Tree,Arriving Somewhere But Not Here
1478,David Bowie,Ziggy Stardust
1479,Bruce Springsteen,Hungry Heart
1480,Beyoncé,Love On Top
1481,Lukas Graham,7 Years
1482,Janis Joplin,Mercedes Benz
1483,Julio Iglesias,Quiero
1484,Katie Melua,Nine Million Bicycles
1485,Paolo Conte,Max
1486,Tom Jones,Green Green Grass Of Home
1487,Outfield,Your Love
1488,Genesis,Home By The Sea
1489,George Harrison,My Sweet Lord
1490,Mark Knopfler,Going Home: Theme Of The Local Hero
1491,Stevie Ray Vaughan,Pride And Joy
1492,The Cure,Lovesong
1493,Orchestral Manoeuvres In The Dark,Enola Gay
1494,Marco Borsato,Zij
1495,OneRepublic,Counting Stars
1496,Conan Gray,Astronomy
1497,Electric Light Orchestra,Don't Bring Me Down
1498,Gorki,Mia
1499,Guns N' Roses,Live And Let Die
1500,The Fray,How To Save A Life
1501,Is Ook Schitterend,Voltooid Verleden Tijd
1502,Michael Jackson,Don't Stop 'Til You Get Enough (Albumversie)
1503,George Michael,One More Try
1504,Red Hot Chili Peppers,By The Way
1505,Robbie Williams,She's The One
1506,Michael Jackson,Human Nature
1507,The The,Uncertain Smile
1508,Guus Meeuwis,'t Dondert En 't Bliksemt
1509,Elton John,Can You Feel The Love Tonight
1510,The Babys,Everytime I Think Of You
1511,Spider Murphy Gang,Skandal Im Sperrbezirk
1512,R.E.M.,Shiny Happy People
1513,Flemming,Paracetamollen
1514,Vandenberg,Burning Heart
1515,Bee Gees,I Started A Joke
1516,Elbow,Magnificent (She Says)
1517,The Hollies,"He Ain't Heavy, He's My Brother"
1518,Simon & Garfunkel,Cecilia
1519,André Hazes,'n Vriend
1520,Tiësto,Adagio For Strings
1521,Bee Gees,To Love Somebody
1522,Blondie,Heart Of Glass
1523,Bob Marley & The Wailers,Stir It Up (Live)
1524,Alderliefste & Paul de Leeuw,Une Belle Histoire/Een Mooi Verhaal
1525,Barry Ryan,Eloise
1526,Robbie Williams,Come Undone
1527,The Temper Trap,Sweet Disposition
1528,Nick Cave & The Bad Seeds,Red Right Hand
1529,R.E.M.,The One I Love
1530,BLØF,Aanzoek Zonder Ringen
1531,Adele,Water Under The Bridge
1532,Lewis Capaldi,Forget Me
1533,Robert Long,Kalverliefde
1534,Michael Andrews ft. Gary Jules,Mad World
1535,Alice In Chains,Rooster
1536,Stevie Wonder,I Wish
1537,Ilse DeLange,I'm Not So Tough
1538,Earth & Fire,Memories
1539,Lenny Kravitz,Are You Gonna Go My Way?
1540,The Rolling Stones,Angry
1541,Stevie Nicks,Edge Of Seventeen
1542,Meau ft. Racoon,Dans M'n Ogen Dicht
1543,Led Zeppelin,Dazed And Confused
1544,Fleetwood Mac,Never Going Back Again
1545,Céline Dion & Barbra Streisand,Tell Him
1546,André Hazes,Ik Meen 't
1547,S10,Adem Je In
1548,Sugarhill Gang,Rapper's Delight
1549,Michael Bublé,Feeling Good
1550,Bob Dylan,Knockin' On Heaven's Door
1551,Justin Timberlake,Mirrors
1552,Boney M.,Rasputin
1553,Golden Earring,Weekend Love
1554,George Michael,You Have Been Loved
1555,Foo Fighters,All My Life
1556,Bruce Hornsby & The Range,The Way It Is
1557,Simply Red,Stars
1558,Kane,No Surrender
1559,Queen,You Don't Fool Me
1560,The Prodigy,No Good (Start The Dance)
1561,Bruce Springsteen,Human Touch
1562,Eva Cassidy,Songbird
1563,Frank Boeijen Groep,Hier Komt De Storm
1564,Whitney Houston,Greatest Love Of All
1565,Rod Stewart,Maggie May
1566,Beyoncé & Jay-Z,Crazy In Love
1567,Armand,Ben Ik Te Min
1568,Robert Cray Band,Right Next Door (Because Of Me)
1569,Tom Petty & The Heartbreakers,Mary Jane's Last Dance
1570,Peter Gabriel,In Your Eyes (Albumversie)
1571,André Hazes,Het Is Koud Zonder Jou
1572,Snelle,Reünie
1573,Patrick Hernandez,Born To Be Alive
1574,Youssou N'Dour & Neneh Cherry,7 Seconds
1575,Imagine Dragons,Enemy
1576,Owl City,Fireflies
1577,Jean Michel Jarre,Oxygene IV
1578,Smash Mouth,All Star
1579,Suzan & Freek,Honderd Keer
1580,Creedence Clearwater Revival,Down On The Corner
1581,Joe Cocker,You Can Leave Your Hat On
1582,Coldplay,In My Place
1583,The Hollies,The Air That I Breathe
1584,Roy Orbison,In Dreams
1585,KISS,Sure Know Something
1586,Marvin Gaye,Sexual Healing
1587,Stealers Wheel,Stuck In The Middle With You
1588,Billy Joel,New York State Of Mind
1589,Anouk,Jerusalem
1590,Suzan & Freek,Weg Van Jou
1591,The National,Bloodbuzz Ohio
1592,Coldplay,Charlie Brown
1593,Nits,Nescio
1594,Goldband,De Langste Nacht
1595,Whitney Houston,One Moment In Time
1596,The Beatles,I Am The Walrus
1598,Creedence Clearwater Revival,Born On The Bayou
1599,Steve Harley & Cockney Rebel,Make Me Smile (Come Up And See Me)
1600,André Hazes,Uit M'n Bol
1601,The Black Crowes,Remedy
1602,Johnny Cash,A Thing Called Love
1603,U2 & Green Day,The Saints Are Coming
1604,Dan Hartman,Relight My Fire
1605,Imagine Dragons,Bad Liar
1606,Madonna,Vogue
1607,Tom Petty & The Heartbreakers,Learning To Fly
1608,Danny Vera,The Devil's Son
1609,Arctic Monkeys,Snap Out Of It
1610,Smashing Pumpkins,Bullet With Butterfly Wings
1611,Imagine Dragons,On Top Of The World
1612,Nielson,IJskoud
1613,The Beatles,When I'm Sixty-Four
1614,ABBA,Summer Night City
1615,Jimi Hendrix,Purple Haze
1616,OutKast,Hey Ya!
1617,Dotan,Home
1618,Norah Jones,Sunrise
1619,Suzan & Freek,Onderweg Naar Later
1620,Bob Marley & The Wailers,Is This Love
1621,Pulp,Common People
1622,Stevie Wonder,Sir Duke
1623,Extreme,More Than Words
1624,Elton John,Sorry Seems To Be The Hardest Word
1625,Diggy Dex & Vali,La Vie Est Belle
1626,One Direction,One Way Or Another (Teenage Kicks)
1627,ABBA,Don't Shut Me Down
1628,Sting & Cheb Mami,Desert Rose
1629,Yes,Close To The Edge (Albumversie)
1630,Cutting Crew,(I Just Died) In Your Arms Tonight
1631,Therapy?,Diane
1632,Anouk,Three Days In A Row
1633,Marvin Gaye,I Heard It Through The Grapevine
1634,Toto,Home Of The Brave
1635,House Of Pain,Jump Around
1636,James Taylor,You've Got A Friend
1637,Nick & Simon,De Soldaat
1638,Tears For Fears,Head Over Heels
1639,S10 & BLØF,Laat Me Los
1640,"Bill Withers & Grover Washington, Jr.",Just The Two Of Us
1641,The Rolling Stones,As Tears Go By
1642,Frank Sinatra,"Theme From New York, New York"
1643,Bon Jovi,In These Arms
1644,The Cats,Times Were When
1645,Snow Patrol,Shut Your Eyes
1646,Michael Jackson,Bad
1647,Bruno Mars,Grenade
1648,Patti Smith Group,Because The Night
1649,MGMT,Kids
1650,America,Ventura Highway
1651,Neil Diamond,Love On The Rocks
1652,Pet Shop Boys,West End Girls (Albumversie)
1653,Madonna,La Isla Bonita
1654,Japan,Nightporter (Albumversie)
1655,Meat Loaf,For Crying Out Loud (Albumversie)
1656,Scott McKenzie,San Francisco (Be Sure To Wear Flowers In Your Hair)
1657,Cranberries,Dreams
1658,Fleetwood Mac,Gypsy
1659,Chic,Le Freak
1660,Beastie Boys,Fight For Your Right (To Party)
1661,Roger Glover & Guests,Love Is All
1662,John Denver,Thank God I'm A Country Boy
1663,Bruce Springsteen,Racing In The Street
1664,LP,Lost On You
1665,Chris Rea,Josephine
1666,Floor Jansen,Fire
1667,Jenny Arean & Frans Halsema,Vluchten Kan Niet Meer
1668,Amy Winehouse,Love Is A Losing Game
1669,The Beatles,Yellow Submarine
1670,Imagine Dragons,Bones
1671,Ed Sheeran,Overpass Graffiti
1672,The Rolling Stones,Lady Jane
1673,Guano Apes,Open Your Eyes
1674,Bee Gees,Spicks And Specks
1675,Supertramp,Hide In Your Shell
1676,Youp van 't Hek,Flappie
1677,Jamiroquai,Virtual Insanity
1678,Ramses Shaffy,Sammy
1679,Ben Howard,Keep Your Head Up
1680,Willie Nelson,Always On My Mind
1681,Backstreet Boys,Everybody (Backstreet's Back)
1682,Dolly Dots,Love Me Just A Little Bit More (Totally Hooked On You)
1683,Gilbert Bécaud,Nathalie
1684,P!nk,Dear Mr. President
1685,Amanda Marshall,Beautiful Goodbye
1686,Delerium ft. Sarah McLachlan,Silence (Tiësto Mix)
1687,Adele,Rumour Has It
1688,Avicii,Addicted To You
1689,Jacques Brel,Mijn Vlakke Land
1690,Talk Talk,Living In Another World
1691,Guns N' Roses,You Could Be Mine
1692,The Weeknd ft. Daft Punk,I Feel It Coming
1693,The Alan Parsons Project,Don't Answer Me
1694,Ph.D.,I Won't Let You Down
1695,Douwe Bob & Jacqueline Govaert,I Do
1696,Racoon,Shoes Of Lightning
1697,Jeff Wayne & Justin Hayward,Forever Autumn
1698,Yes,Roundabout (Albumversie)
1699,Electric Light Orchestra,Livin' Thing
1700,Brainbox,Summertime
1701,Foreigner,Cold As Ice
1702,Nirvana,Something In The Way
1703,Paul de Leeuw,Vlieg Met Me Mee (Live)
1704,DI-RECT,90s Kid
1705,Nick & Simon,Kijk Omhoog
1706,Oasis,Live Forever
1707,Walk The Moon,Shut Up And Dance
1708,Offspring,Pretty Fly (For A White Guy)
1709,Elvis Presley,Return To Sender
1710,Herman Brood & Henny Vrienten,Als Je Wint
1711,Eric Clapton,Cocaine
1712,The Black Keys,Gold On The Ceiling
1713,Bee Gees,You Win Again
1714,Twarres,Wêr Bisto
1715,Cyndi Lauper,Time After Time
1716,Creedence Clearwater Revival,Lookin' Out My Back Door
1717,Creed,With Arms Wide Open
1718,Billie Eilish,What Was I Made For?
1719,UB40,Food For Thought
1720,Marvin Gaye & Tammi Terrell,Ain't No Mountain High Enough
1721,Run DMC & Aerosmith,Walk This Way
1722,Notorious B.I.G.,Hypnotize
1723,Editors,An End Has A Start
1724,Weather Girls,It's Raining Men
1725,Boney M.,Rivers Of Babylon
1726,Rihanna,Diamonds
1727,James Taylor,Fire And Rain
1728,Golden Earring,Hold Me Now
1729,The Buoys,Give Up Your Guns
1730,Herman Berkien,Utereg Me Stadje
1731,Dido,White Flag
1732,Alan Walker,Faded
1733,AC/DC,It's A Long Way To The Top (If You Wanna Rock 'N Roll)
1734,Green Day,Jesus Of Suburbia
1735,Kensington,Bridges
1736,Earth & Fire,Weekend
1737,Kensington,All For Nothing
1738,Florence + The Machine,You've Got The Love
1739,Chris Stapleton,Cold
1740,Of Monsters And Men,Little Talks
1741,Queen,Save Me
1742,Ilse DeLange,World Of Hurt
1743,The Moody Blues,Tuesday Afternoon
1744,Mika,Grace Kelly
1745,R.E.M.,It's The End Of The World As We Know It
1746,James Blunt,Goodbye My Lover
1747,The Smiths,This Charming Man
1748,Bökkers,Kold Bloed
1749,The Beach Boys,Sloop John B
1750,P!nk,Family Portrait
1751,Tears For Fears,Mad World
1752,Rondé,Love Myself
1753,Coldplay & Buena Vista Social Club,Clocks (Rhythms Del Mundo)
1754,The Who,Won't Get Fooled Again (Albumversie)
1755,Wildstylez ft. Niels Geusebroek,Year Of Summer
1756,Van Morrison,Moondance
1757,Ed Sheeran,Afterglow
1758,Bruno Mars,24K Magic
1759,Ilse DeLange,So Incredible
1760,Fats Domino,Blueberry Hill
1761,Elvis Presley,Guitar Man
1762,The Doors,Love Her Madly
1763,Elton John,Daniel
1764,Anouk & Douwe Bob,Hold Me
1765,The Beatles,She's Leaving Home
1766,Martin Garrix,Animals
1767,Frank Ocean,Lost
1768,Paul McCartney & Frog Chorus,We All Stand Together
1769,Live,Run To The Water
1770,Stereophonics,Maybe Tomorrow
1771,Robin S,Show Me Love
1772,Frankie Goes To Hollywood,Relax
1773,Maarten van Roozendaal,Red Mij Niet
1774,Elvis Presley,Blue Suede Shoes
1775,Alain Clark,Father & Friend
1776,Rowwen Hèze,'T Roeie Klied
1777,Michael Jackson,Stranger In Moscow
1778,Bill Medley & Jennifer Warnes,(I've Had) The Time Of My Life
1779,Ultravox,Dancing With Tears In My Eyes
1780,Roy Orbison,"Oh, Pretty Woman"
1781,Doobie Brothers,What A Fool Believes
1782,Editors,The Racing Rats
1783,DI-RECT,Devil Don't Care
1784,The Prodigy,Out Of Space
1785,Status Quo,In The Army Now
1786,De Dijk,Mijn Van Straat Geredde Roos
1787,Van Halen,Why Can't This Be Love
1788,Nina Simone,My Baby Just Cares For Me
1789,Boudewijn de Groot,Een Meisje Van 16
1790,Elvis Presley,Are You Lonesome Tonight?
1791,The Smiths,Heaven Knows I'm Miserable Now
1792,Vance Joy,Riptide
1793,Snelle,In M'n Bloed
1794,Ronan Keating,When You Say Nothing At All
1795,DI-RECT,How My Heart Was Won
1796,Coldplay,Green Eyes
1797,Queens Of The Stone Age,I Sat By The Ocean
1798,Otis Redding,I've Got Dreams To Remember
1799,Labi Siffre,(Something Inside) So Strong
1800,Tanita Tikaram,Twist In My Sobriety
1801,The National,I Need My Girl
1802,Jonathan Jeremiah,Happiness
1803,Lionel Richie,All Night Long (All Night)
1804,De Kast,Hart Van Mijn Gevoel
1805,Robbie Williams,The Road To Mandalay
1806,Ten Years After,I'm Going Home
1807,Chicago,25 Or 6 To 4
1808,The Monkees,I'm A Believer
1809,Bee Gees,You Should Be Dancing
1810,Sex Pistols,God Save The Queen
1811,Snollebollekes,Links Rechts
1812,U2,Stuck In A Moment You Can't Get Out Of
1813,Dire Straits,Water Of Love
1814,Eurythmics,There Must Be An Angel (Playing With My Heart)
1815,Pearl Jam,Rearviewmirror
1816,Avicii,Waiting For Love
1817,Queen,Made In Heaven
1818,Jefferson Airplane,Somebody To Love
1819,Roxy Music,More Than This
1820,Bonnie Raitt,I Can't Make You Love Me
1821,Leonard Cohen,Famous Blue Raincoat
1822,Deep Purple,Black Night
1823,U2,City Of Blinding Lights
1824,Billy Joel,Uptown Girl
1825,Paul Simon,Homeless
1826,Niall Horan,Slow Hands
1827,Cyndi Lauper,Girls Just Want To Have Fun
1828,Crash Test Dummies,Mmm Mmm Mmm Mmm
1829,Suzanne Vega,Luka
1830,De Dijk,Laat Het Vanavond Gebeuren
1831,The Hollies,Long Cool Woman (In A Black Dress)
1832,Armin van Buuren,Blah Blah Blah
1833,Grace Jones,La Vie En Rose
1834,Led Zeppelin,Black Dog
1835,Queen,Heaven For Everyone
1836,Johan,Tumble And Fall
1837,Sting,Moon Over Bourbon Street
1838,Damien Rice,The Blower's Daughter
1839,Ed Sheeran,Galway Girl
1840,Van Morrison,Into The Mystic
1841,The Who,Overture (Tommy)
1842,KISS,Detroit Rock City
1843,P!nk,Never Gonna Not Dance Again
1844,Golden Earrings,Sound Of The Screaming Day
1846,Imagine Dragons,Sharks
1847,Shania Twain,Man! I Feel Like A Woman
1848,Son Mieux,This Is The Moment
1849,Chef'Special,Nicotine
1850,Elvis Presley vs. Junkie XL,A Little Less Conversation
1851,Santana,Europa (Earth's Cry Heaven's Smile)
1852,Genesis,Invisible Touch
1853,Van Halen,Panama
1854,Ramses Shaffy,Wij Zullen Doorgaan
1855,Reinhard Mey,Gute Nacht Freunde
1856,Dire Straits,Calling Elvis
1857,The Rolling Stones,Midnight Rambler
1858,Green Day,When I Come Around
1859,Ramones,Blitzkrieg Bop
1860,Guus Meeuwis,Proosten
1861,U2,Vertigo
1862,Wham!,Everything She Wants
1863,Roxy Music,Love Is The Drug
1864,Kings Of Leon,Pyro
1865,Rondé,Bright Eyes
1866,Herman Brood & His Wild Romance,I Love You Like I Love Myself
1867,Michael Jackson,Off The Wall
1868,Karin Bloemen,Geen Kind Meer
1869,Stereophonics,Dakota
1870,Michael Jackson,Will You Be There
1871,Herbert Grönemeyer,Mensch
1872,U2,Gloria (Live)
1873,Within Temptation,Memories
1874,UB40 & Chrissie Hynde,I Got You Babe
1875,Traveling Wilburys,Handle With Care
1876,The Verve,The Drugs Don't Work
1877,Acda & De Munnik,Morgen Wordt Fantastisch
1878,Creedence Clearwater Revival,Up Around The Bend
1879,Acda & De Munnik,Mooi Liedje
1880,Shadows,Apache
1881,Typhoon,Hemel Valt
1882,Doe Maar,1 Nacht Alleen
1883,Bob Marley & The Wailers,One Love/People Get Ready
1884,The Police,Don't Stand So Close To Me
1885,Blaudzun,Promises Of No Man's Land
1886,Herman Brood & His Wild Romance,Still Believe
1887,The Beatles,Don't Let Me Down
1888,Prince,The Cross
1889,Ella Fitzgerald & Louis Armstrong,Summertime
1890,Toto,I'll Be Over You
1891,Eurythmics,Here Comes The Rain Again
1892,Supertramp,It's Raining Again
1893,Smashing Pumpkins,"Tonight, Tonight"
1894,Mud,Dynamite
1895,Solomon Burke & De Dijk,Hold On Tight
1896,Bruno Mars,Just The Way You Are
1897,BLØF,Later Als Ik Groter Ben
1898,Steve Miller Band,Fly Like An Eagle
1899,Frankie Goes To Hollywood,Two Tribes
1900,Clouseau,Domino
1901,Lorde,Royals
1902,David Bowie,Blackstar
1904,Stef Bos,Ik Heb Je Lief
1905,George Ezra,Budapest
1906,OutKast,Ms. Jackson
1907,Golden Earring,The Devil Made Me Do It
1908,Black,Wonderful Life
1909,Paul McCartney & Wings,Live And Let Die
1910,Muse,Sing For Absolution
1911,Peter Frampton,Show Me The Way (Albumversie Live)
1912,Q65,The Life I Live
1913,Swedish House Mafia ft. John Martin,Don't You Worry Child
1914,Carpenters,(They Long To Be) Close To You
1915,Billy Ocean,Love Really Hurts Without You
1916,Muse,Feeling Good
1917,Jeff Buckley,"Lover, You Should've Come Over"
1918,The Pointer Sisters,Fire
1919,Tröckener Kecks,Met Hart En Ziel
1920,The Who,"See Me, Feel Me"
1921,Chris Isaak,Blue Hotel
1922,Gary Moore & Phil Lynott,Out In The Fields
1923,The Rolling Stones,Under My Thumb
1924,Danny Vera,The Weight
1925,Boudewijn de Groot,Prikkebeen
1926,Doobie Brothers,Long Train Runnin'
1927,André van Duin,Als De Zon Schijnt
1928,Van Dik Hout,Meer Dan Een Ander
1929,John Mayer,Waiting On The World To Change
1930,The B-52's,Love Shack
1931,David Bowie,Fame
1932,Bruce Springsteen,Brilliant Disguise
1933,Coldplay,Politik
1934,B.B. King,The Thrill Is Gone
1935,The Script,Breakeven
1936,Drukwerk,Je Loog Tegen Mij
1937,Doe Maar,Tijd Genoeg
1938,Muddy Waters,Mannish Boy
1939,Mumford & Sons,Hopeless Wanderer
1940,George Ezra,Green Green Grass
1941,Mr. Probz,Waves
1942,Boston,Don't Look Back
1943,Frank Boeijen Groep,Winter In Hamburg
1944,Simply Red,Fairground
1945,Whitesnake,Is This Love
1946,Billy Idol,Eyes Without A Face
1947,Wheatus,Teenage Dirtbag
1948,Queen,One Vision (Albumversie)
1949,Ed Sheeran,Celestial
1950,INXS,Need You Tonight
1951,Deep Purple,Woman From Tokyo
1952,Phil Collins,Take Me Home
1953,J.J. Cale,Call Me The Breeze
1954,J.J. Cale,After Midnight
1955,Eagles,Take It To The Limit
1956,Foreigner,That Was Yesterday
1957,Gossip,Heavy Cross
1958,The Kinks,Waterloo Sunset
1959,Kensington,Home Again
1960,Golden Earrings,I've Just Lost Somebody
1961,George Michael,Kissing A Fool
1962,The Pogues,Fiesta
1963,Birdy,Skinny Love
1964,Alanis Morissette,Thank U
1965,The Babys,Isn't It Time?
1966,Foster The People,Pumped Up Kicks
1967,The Black Crowes,Hard To Handle
1968,Barbra Streisand,The Way We Were
1969,Nirvana,Polly
1970,Plain White T's,Hey There Delilah
1971,Nina Hagen,Unbeschreiblich Weiblich
1972,Snelle,Smoorverliefd
1973,Ellen Foley,We Belong To The Night
1974,Womack & Womack,Teardrops
1975,Genesis,No Son Of Mine
1976,Joe Cocker & Jennifer Warnes,Up Where We Belong
1977,The Rolling Stones,Beast Of Burden
1978,"Thomas Acda, Kraantje Pappie & Rolf Sanchez",Missen Zou
1979,Shirley Bassey,This Is My Life
1980,Prince,Gold
1981,J.J. Cale,Cocaine
1982,Paul Simon,Late In The Evening
1983,Henk Wijngaard,Met De Vlam In De Pijp
1984,Crowded House,Into Temptation
1985,Counting Crows,Accidentally In Love
1986,Diesel,Sausolito Summernight
1987,Rod Stewart,I Don't Want To Talk About It
1988,Bruce Springsteen,Secret Garden
1989,Beyoncé,Single Ladies (Put A Ring On It)
1990,Mumford & Sons,Lover Of The Light
1991,Steely Dan,Do It Again
1992,Vitesse,Rosalyn
1993,Metejoor & Hannah Mae,Wat Wil Je Van Mij
1994,Wolfmother,Woman
1995,Stevie Wonder,Master Blaster (Jammin')
1996,Neil Young,Harvest
1997,Radiohead,High And Dry
1998,Caro Emerald,A Night Like This
1999,Don Henley,New York Minute
